{
  "base_salary": {
    "mean": 120007.12,
    "std": 36811.76550974552,
    "median": 113525.0,
    "p25": 94782.5,
    "p75": 139952.75,
    "percentiles": {
      "25": 94782.5,
      "50": 113525.0,
      "75": 139952.75,
      "90": 178686.6,
      "95": 181457.75,
      "99": 185646.75
    }
  },
  "present_days": {
    "mean": 21.56,
    "std": 1.0528871870107588,
    "median": 21.5,
    "p25": 21.0,
    "p75": 22.0,
    "percentiles": {
      "25": 21.0,
      "50": 21.5,
      "75": 22.0,
      "90": 23.0,
      "95": 23.0,
      "99": 23.0
    }
  },
  "total_working_days": {
    "mean": 23.0,
    "std": 0.0,
    "median": 23.0,
    "p25": 23.0,
    "p75": 23.0,
    "percentiles": {
      "25": 23.0,
      "50": 23.0,
      "75": 23.0,
      "90": 23.0,
      "95": 23.0,
      "99": 23.0
    }
  },
  "overtime_hours": {
    "mean": 4.76,
    "std": 2.5439804902345218,
    "median": 5.0,
    "p25": 2.25,
    "p75": 7.0,
    "percentiles": {
      "25": 2.25,
      "50": 5.0,
      "75": 7.0,
      "90": 8.0,
      "95": 8.549999999999997,
      "99": 9.0
    }
  },
  "overtime_pay_per_hour": {
    "mean": 340.0,
    "std": 49.48716593053935,
    "median": 300.0,
    "p25": 300.0,
    "p75": 400.0,
    "percentiles": {
      "25": 300.0,
      "50": 300.0,
      "75": 400.0,
      "90": 400.0,
      "95": 400.0,
      "99": 400.0
    }
  },
  "net_salary": {
    "mean": 114133.42,
    "std": 34662.18586915954,
    "median": 111462.0,
    "p25": 85976.5,
    "p75": 136080.0,
    "percentiles": {
      "25": 85976.5,
      "50": 111462.0,
      "75": 136080.0,
      "90": 165800.0,
      "95": 171748.8,
      "99": 180538.84
    }
  },
  "lop_days": {
    "mean": 1.44,
    "std": 1.0528871870107588,
    "median": 1.5,
    "p25": 1.0,
    "p75": 2.0,
    "percentiles": {
      "25": 1.0,
      "50": 1.5,
      "75": 2.0,
      "90": 3.0,
      "95": 3.0,
      "99": 3.0
    }
  },
  "attendance_ratio": {
    "mean": 0.9373913043478261,
    "std": 0.04577770378307649,
    "median": 0.9347826086956521,
    "p25": 0.9130434782608695,
    "p75": 0.9565217391304348,
    "percentiles": {
      "25": 0.9130434782608695,
      "50": 0.9347826086956521,
      "75": 0.9565217391304348,
      "90": 1.0,
      "95": 1.0,
      "99": 1.0
    }
  },
  "overtime_pay": {
    "mean": 1646.0,
    "std": 959.2109852820256,
    "median": 1600.0,
    "p25": 825.0,
    "p75": 2100.0,
    "percentiles": {
      "25": 825.0,
      "50": 1600.0,
      "75": 2100.0,
      "90": 3200.0,
      "95": 3200.0,
      "99": 3600.0
    }
  },
  "earned_base": {
    "mean": 112487.8,
    "std": 34713.98215972785,
    "median": 110062.5,
    "p25": 85343.11956521738,
    "p75": 134880.71739130435,
    "percentiles": {
      "25": 85343.11956521738,
      "50": 110062.5,
      "75": 134880.71739130435,
      "90": 163910.75217391303,
      "95": 170384.35652173913,
      "99": 180097.84
    }
  },
  "expected_gross_salary": {
    "mean": 114133.8,
    "std": 34662.176194000225,
    "median": 111462.5,
    "p25": 85977.03260869565,
    "p75": 136080.71739130435,
    "percentiles": {
      "25": 85977.03260869565,
      "50": 111462.5,
      "75": 136080.71739130435,
      "90": 165800.75217391303,
      "95": 171749.35652173913,
      "99": 180538.84
    }
  },
  "expected_net": {
    "mean": 114133.8,
    "std": 34662.176194000225,
    "median": 111462.5,
    "p25": 85977.03260869565,
    "p75": 136080.71739130435,
    "percentiles": {
      "25": 85977.03260869565,
      "50": 111462.5,
      "75": 136080.71739130435,
      "90": 165800.75217391303,
      "95": 171749.35652173913,
      "99": 180538.84
    }
  },
  "salary_diff": {
    "mean": -0.38,
    "std": 0.3328416058511392,
    "median": -0.36956521739193704,
    "p25": -0.6521739130475908,
    "p75": 0.0,
    "percentiles": {
      "25": -0.6521739130475908,
      "50": -0.36956521739193704,
      "75": 0.0,
      "90": 0.0,
      "95": 0.0,
      "99": 0.0
    }
  },
  "salary_dev_pct": {
    "mean": 6.252776074688882e-15,
    "std": 2.719219753843461,
    "median": -0.16302532163060368,
    "p25": -2.2357943380124836,
    "p75": 1.9197530179841702,
    "percentiles": {
      "25": -2.2357943380124836,
      "50": -0.16302532163060368,
      "75": 1.9197530179841702,
      "90": 3.579809104267429,
      "95": 4.515600440840203,
      "99": 5.307843689501174
    }
  },
  "robust_z_base_salary": {
    "mean": 0.27531940197077814,
    "std": 1.5635306451641828,
    "median": 0.0,
    "p25": -0.7960626911314985,
    "p75": 1.1224834352701325,
    "percentiles": {
      "25": -0.7960626911314985,
      "50": 0.0,
      "75": 1.1224834352701325,
      "90": 2.7676520557254505,
      "95": 2.8853529561671762,
      "99": 3.0632751444104653
    }
  },
  "robust_z_present_days": {
    "mean": 0.12,
    "std": 2.1057743740215176,
    "median": 0.0,
    "p25": -1.0,
    "p75": 1.0,
    "percentiles": {
      "25": -1.0,
      "50": 0.0,
      "75": 1.0,
      "90": 3.0,
      "95": 3.0,
      "99": 3.0
    }
  },
  "robust_z_total_working_days": {
    "mean": 0.0,
    "std": 0.0,
    "median": 0.0,
    "p25": 0.0,
    "p75": 0.0,
    "percentiles": {
      "25": 0.0,
      "50": 0.0,
      "75": 0.0,
      "90": 0.0,
      "95": 0.0,
      "99": 0.0
    }
  },
  "robust_z_overtime_hours": {
    "mean": -0.12,
    "std": 1.2719902451172609,
    "median": 0.0,
    "p25": -1.375,
    "p75": 1.0,
    "percentiles": {
      "25": -1.375,
      "50": 0.0,
      "75": 1.0,
      "90": 1.5,
      "95": 1.7749999999999986,
      "99": 2.0
    }
  },
  "robust_z_overtime_pay_per_hour": {
    "mean": 0.0,
    "std": 0.0,
    "median": 0.0,
    "p25": 0.0,
    "p75": 0.0,
    "percentiles": {
      "25": 0.0,
      "50": 0.0,
      "75": 0.0,
      "90": 0.0,
      "95": 0.0,
      "99": 0.0
    }
  },
  "robust_z_net_salary": {
    "mean": 0.10382107185884731,
    "std": 1.347098281029091,
    "median": 0.0,
    "p25": -0.990458979441141,
    "p75": 0.956744782558004,
    "percentiles": {
      "25": -0.990458979441141,
      "50": 0.0,
      "75": 0.956744782558004,
      "90": 2.111771792779138,
      "95": 2.3429637402355135,
      "99": 2.684576580778049
    }
  },
  "robust_z_lop_days": {
    "mean": -0.12,
    "std": 2.1057743740215176,
    "median": 0.0,
    "p25": -1.0,
    "p75": 1.0,
    "percentiles": {
      "25": -1.0,
      "50": 0.0,
      "75": 1.0,
      "90": 3.0,
      "95": 3.0,
      "99": 3.0
    }
  },
  "robust_z_attendance_ratio": {
    "mean": 0.12000000000000183,
    "std": 2.105774374021509,
    "median": 2.55351295663786e-15,
    "p25": -0.9999999999999949,
    "p75": 1.0,
    "percentiles": {
      "25": -0.9999999999999949,
      "50": 2.55351295663786e-15,
      "75": 1.0,
      "90": 2.99999999999999,
      "95": 2.99999999999999,
      "99": 2.99999999999999
    }
  },
  "robust_z_overtime_pay": {
    "mean": 0.06133333333333334,
    "std": 1.278947980376034,
    "median": 0.0,
    "p25": -1.0333333333333332,
    "p75": 0.6666666666666666,
    "percentiles": {
      "25": -1.0333333333333332,
      "50": 0.0,
      "75": 0.6666666666666666,
      "90": 2.1333333333333333,
      "95": 2.1333333333333333,
      "99": 2.6666666666666665
    }
  },
  "robust_z_earned_base": {
    "mean": 0.09565494741986512,
    "std": 1.3691354216892357,
    "median": 2.8709673527416157e-16,
    "p25": -0.9749437330395309,
    "p75": 0.9788419080608584,
    "percentiles": {
      "25": -0.9749437330395309,
      "50": 2.8796409701215e-16,
      "75": 0.9788419080608584,
      "90": 2.1237998310919433,
      "95": 2.3791217638459594,
      "99": 2.762226019557323
    }
  },
  "robust_z_expected_gross_salary": {
    "mean": 0.10381535570841763,
    "std": 1.3470842478224003,
    "median": 2.8275992658421956e-16,
    "p25": -0.9904476706560621,
    "p75": 0.956743531383751,
    "percentiles": {
      "25": -0.9904476706560621,
      "50": 2.8275992658421956e-16,
      "75": 0.956743531383751,
      "90": 2.1117601834344626,