{
  "base_salary": {
    "mean": 58245.53,
    "std": 16969.407692772762,
    "median": 57446.0,
    "p25": 44424.0,
    "p75": 68074.75,
    "percentiles": {
      "25": 44424.0,
      "50": 57446.0,
      "75": 68074.75,
      "90": 85287.30000000002,
      "95": 88119.0,
      "99": 90012.31
    }
  },
  "present_days": {
    "mean": 21.07,
    "std": 0.8675403521602111,
    "median": 21.0,
    "p25": 20.0,
    "p75": 22.0,
    "percentiles": {
      "25": 20.0,
      "50": 21.0,
      "75": 22.0,
      "90": 22.0,
      "95": 22.0,
      "99": 22.0
    }
  },
  "total_working_days": {
    "mean": 23.0,
    "std": 0.0,
    "median": 23.0,
    "p25": 23.0,
    "p75": 23.0,
    "percentiles": {
      "25": 23.0,
      "50": 23.0,
      "75": 23.0,
      "90": 23.0,
      "95": 23.0,
      "99": 23.0
    }
  },
  "overtime_hours": {
    "mean": 5.87,
    "std": 3.2834294709813845,
    "median": 6.0,
    "p25": 3.75,
    "p75": 9.0,
    "percentiles": {
      "25": 3.75,
      "50": 6.0,
      "75": 9.0,
      "90": 10.0,
      "95": 11.0,
      "99": 11.0
    }
  },
  "overtime_pay_per_hour": {
    "mean": 345.0,
    "std": 50.0,
    "median": 300.0,
    "p25": 300.0,
    "p75": 400.0,
    "percentiles": {
      "25": 300.0,
      "50": 300.0,
      "75": 400.0,
      "90": 400.0,
      "95": 400.0,
      "99": 400.0
    }
  },
  "net_salary": {
    "mean": 55376.3,
    "std": 15786.564662664416,
    "median": 55119.5,
    "p25": 43011.0,
    "p75": 65164.25,
    "percentiles": {
      "25": 43011.0,
      "50": 55119.5,
      "75": 65164.25,
      "90": 78666.0,
      "95": 83768.05,
      "99": 87720.82
    }
  },
  "lop_days": {
    "mean": 1.93,
    "std": 0.867540352160211,
    "median": 2.0,
    "p25": 1.0,
    "p75": 3.0,
    "percentiles": {
      "25": 1.0,
      "50": 2.0,
      "75": 3.0,
      "90": 3.0,
      "95": 3.0,
      "99": 3.0
    }
  },
  "attendance_ratio": {
    "mean": 0.9160869565217392,
    "std": 0.037719145746096146,
    "median": 0.9130434782608695,
    "p25": 0.8695652173913043,
    "p75": 0.9565217391304348,
    "percentiles": {
      "25": 0.8695652173913043,
      "50": 0.9130434782608695,
      "75": 0.9565217391304348,
      "90": 0.9565217391304348,
      "95": 0.9565217391304348,
      "99": 0.9565217391304348
    }
  },
  "overtime_pay": {
    "mean": 2032.0,
    "std": 1192.9828501734971,
    "median": 2100.0,
    "p25": 1200.0,
    "p75": 3000.0,
    "percentiles": {
      "25": 1200.0,
      "50": 2100.0,
      "75": 3000.0,
      "90": 3600.0,
      "95": 3619.999999999999,
      "99": 4400.0
    }
  },
  "earned_base": {
    "mean": 53344.8104347826,
    "std": 15721.125486129484,
    "median": 51778.19565217391,
    "p25": 40837.206521739135,
    "p75": 61593.29347826087,
    "percentiles": {
      "25": 40837.206521739135,
      "50": 51778.19565217391,
      "75": 61593.29347826087,
      "90": 77923.32173913044,
      "95": 82803.40869565216,
      "99": 86098.73130434784
    }
  },
  "expected_gross_salary": {
    "mean": 55376.8104347826,
    "std": 15786.507846472256,
    "median": 55120.260869565216,
    "p25": 43011.467391304344,
    "p75": 65164.97826086957,
    "percentiles": {
      "25": 43011.467391304344,
      "50": 55120.260869565216,
      "75": 65164.97826086957,
      "90": 78666.66086956522,
      "95": 83768.11956521738,
      "99": 87720.95739130436
    }
  },
  "expected_net": {
    "mean": 55376.8104347826,
    "std": 15786.507846472256,
    "median": 55120.260869565216,
    "p25": 43011.467391304344,
    "p75": 65164.97826086957,
    "percentiles": {
      "25": 43011.467391304344,
      "50": 55120.260869565216,
      "75": 65164.97826086957,
      "90": 78666.66086956522,
      "95": 83768.11956521738,
      "99": 87720.95739130436
    }
  },
  "salary_diff": {
    "mean": -0.510434782608063,
    "std": 0.2677057717875997,
    "median": -0.5217391304322518,
    "p25": -0.7391304347784171,
    "p75": -0.30434782608790556,
    "percentiles": {
      "25": -0.7391304347784171,
      "50": -0.5217391304322518,
      "75": -0.30434782608790556,
      "90": -0.12608695652161223,
      "95": -0.04347826087141584,
      "99": 0.0
    }
  },
  "salary_dev_pct": {
    "mean": 1.1901590823981679e-15,
    "std": 4.348417085468387,
    "median": -0.058048407492121985,
    "p25": -3.5701324781016237,
    "p75": 3.4053922128597645,
    "percentiles": {
      "25": -3.5701324781016237,
      "50": -0.05804840749212198,
      "75": 3.4053922128597645,
      "90": 6.021948177271313,
      "95": 7.0645250457718625,
      "99": 7.52951144789617
    }
  },
  "robust_z_base_salary": {
    "mean": 0.06565094223426532,
    "std": 1.3933906222254597,
    "median": 0.0,
    "p25": -1.069261403292688,
    "p75": 0.8727470542349223,
    "percentiles": {
      "25": -1.069261403292688,
      "50": 0.0,
      "75": 0.8727470542349223,
      "90": 2.2861025577862635,
      "95": 2.5186188775300735,
      "99": 2.674082194030464
    }
  },
  "robust_z_present_days": {
    "mean": 0.07,
    "std": 0.867540352160211,
    "median": 0.0,
    "p25": -1.0,
    "p75": 1.0,
    "percentiles": {
      "25": -1.0,
      "50": 0.0,
      "75": 1.0,
      "90": 1.0,
      "95": 1.0,
      "99": 1.0
    }
  },
  "robust_z_total_working_days": {
    "mean": 0.0,
    "std": 0.0,
    "median": 0.0,
    "p25": 0.0,
    "p75": 0.0,
    "percentiles": {
      "25": 0.0,
      "50": 0.0,
      "75": 0.0,
      "90": 0.0,
      "95": 0.0,
      "99": 0.0
    }
  },
  "robust_z_overtime_hours": {
    "mean": -0.04333333333333334,
    "std": 1.094476490327128,
    "median": 0.0,
    "p25": -0.75,
    "p75": 1.0,
    "percentiles": {
      "25": -0.75,
      "50": 0.0,
      "75": 1.0,
      "90": 1.3333333333333333,
      "95": 1.6666666666666667,
      "99": 1.6666666666666667
    }
  },
  "robust_z_overtime_pay_per_hour": {
    "mean": 0.0,
    "std": 0.0,
    "median": 0.0,
    "p25": 0.0,
    "p75": 0.0,
    "percentiles": {
      "25": 0.0,
      "50": 0.0,
      "75": 0.0,
      "90": 0.0,
      "95": 0.0,
      "99": 0.0
    }
  },
  "robust_z_net_salary": {
    "mean": 0.02378548603714166,
    "std": 1.4621928090274083,
    "median": 0.0,
    "p25": -1.1215208632427176,
    "p75": 0.9303709535497615,
    "percentiles": {
      "25": -1.1215208632427176,
      "50": 0.0,
      "75": 0.9303709535497615,
      "90": 2.1809382670309825,
      "95": 2.6535034501921917,
      "99": 3.0196193210762754
    }
  },
  "robust_z_lop_days": {
    "mean": -0.07,
    "std": 0.867540352160211,
    "median": 0.0,
    "p25": -1.0,
    "p75": 1.0,
    "percentiles": {
      "25": -1.0,
      "50": 0.0,
      "75": 1.0,
      "90": 1.0,
      "95": 1.0,
      "99": 1.0
    }
  },
  "robust_z_attendance_ratio": {
    "mean": 0.07000000000000109,
    "std": 0.8675403521602122,
    "median": 0.0,
    "p25": -1.0,
    "p75": 1.0000000000000027,
    "percentiles": {
      "25": -1.0,
      "50": 0.0,
      "75": 1.0000000000000027,
      "90": 1.0000000000000027,
      "95": 1.0000000000000027,
      "99": 1.0000000000000027
    }
  },
  "robust_z_overtime_pay": {
    "mean": -0.07555555555555558,
    "std": 1.3255365001927748,
    "median": 0.0,
    "p25": -1.0,
    "p75": 1.0,
    "percentiles": {
      "25": -1.0,
      "50": 0.0,
      "75": 1.0,
      "90": 1.6666666666666667,
      "95": 1.6888888888888878,
      "99": 2.5555555555555554
    }
  },
  "robust_z_earned_base": {
    "mean": 0.15043290205950993,
    "std": 1.5096082053956321,
    "median": 0.0,
    "p25": -1.0505995248890498,
    "p75": 0.9424867340505921,
    "percentiles": {
      "25": -1.0505995248890498,
      "50": 0.0,
      "75": 0.9424867340505921,
      "90": 2.510564329939087,
      "95": 2.9791706850699082,
      "99": 3.2956013409985685
    }
  },
  "robust_z_expected_gross_salary": {
    "mean": 0.023762577194830038,
    "std": 1.462205211771517,
    "median": 3.369700352084948e-16,
    "p25": -1.1215615957860232,
    "p75": 0.9303791733533616,