{
  "run_id": "run_20260723_141849_7e754ac9",
  "timestamp": "2026-07-23T14:18:49.127806",
  "distributions": {
    "base_salary": {
      "mean": 58245.53,
      "median": 57446.0,
      "std": 16969.407692772762,
      "p25": 44424.0,
      "p75": 68074.75
    },
    "present_days": {
      "mean": 21.07,
      "median": 21.0,
      "std": 0.8675403521602111,
      "p25": 20.0,
      "p75": 22.0
    },
    "total_working_days": {
      "mean": 23.0,
      "median": 23.0,
      "std": 0.0,
      "p25": 23.0,
      "p75": 23.0
    },
    "overtime_hours": {
      "mean": 5.87,
      "median": 6.0,
      "std": 3.2834294709813845,
      "p25": 3.75,
      "p75": 9.0
    },
    "overtime_pay_per_hour": {
      "mean": 345.0,
      "median": 300.0,
      "std": 50.0,
      "p25": 300.0,
      "p75": 400.0
    },
    "net_salary": {
      "mean": 55376.3,
      "median": 55119.5,
      "std": 15786.564662664416,
      "p25": 43011.0,
      "p75": 65164.25
    },
    "lop_days": {
      "mean": 1.93,
      "median": 2.0,
      "std": 0.867540352160211,
      "p25": 1.0,
      "p75": 3.0
    },
    "attendance_ratio": {
      "mean": 0.9160869565217392,
      "median": 0.9130434782608695,
      "std": 0.037719145746096146,
      "p25": 0.8695652173913043,
      "p75": 0.9565217391304348
    },
    "overtime_pay": {
      "mean": 2032.0,
      "median": 2100.0,
      "std": 1192.9828501734971,
      "p25": 1200.0,
      "p75": 3000.0
    },
    "earned_base": {
      "mean": 53344.8104347826,
      "median": 51778.19565217391,
      "std": 15721.125486129484,
      "p25": 40837.206521739135,
      "p75": 61593.29347826087
    },
    "expected_gross_salary": {
      "mean": 55376.8104347826,
      "median": 55120.260869565216,
      "std": 15786.507846472256,
      "p25": 43011.467391304344,
      "p75": 65164.97826086957
    },
    "expected_net": {
      "mean": 55376.8104347826,
      "median": 55120.260869565216,
      "std": 15786.507846472256,
      "p25": 43011.467391304344,
      "p75": 65164.97826086957
    },
    "salary_diff": {
      "mean": -0.510434782608063,
      "median": -0.5217391304322518,
      "std": 0.2677057717875997,
      "p25": -0.7391304347784171,
      "p75": -0.30434782608790556
    },
    "salary_dev_pct": {
      "mean": 1.1901590823981679e-15,
      "median": -0.058048407492121985,
      "std": 4.348417085468387,
      "p25": -3.5701324781016237,
      "p75": 3.4053922128597645
    },
    "robust_z_base_salary": {
      "mean": 0.06565094223426532,
      "median": 0.0,
      "std": 1.3933906222254597,
      "p25": -1.069261403292688,
      "p75": 0.8727470542349223
    },
    "robust_z_present_days": {
      "mean": 0.07,
      "median": 0.0,
      "std": 0.867540352160211,
      "p25": -1.0,
      "p75": 1.0
    },
    "robust_z_total_working_days": {
      "mean": 0.0,
      "median": 0.0,
      "std": 0.0,
      "p25": 0.0,
      "p75": 0.0
    },
    "robust_z_overtime_hours": {
      "mean": -0.04333333333333334,
      "median": 0.0,
      "std": 1.094476490327128,
      "p25": -0.75,
      "p75": 1.0
    },
    "robust_z_overtime_pay_per_hour": {
      "mean": 0.0,
      "median": 0.0,
      "std": 0.0,
      "p25": 0.0,
      "p75": 0.0
    },
    "robust_z_net_salary": {
      "mean": 0.02378548603714166,
      "median": 0.0,
      "std": 1.4621928090274083,
      "p25": -1.1215208632427176,
      "p75": 0.9303709535497615
    },
    "robust_z_lop_days": {
      "mean": -0.07,
      "median": 0.0,
      "std": 0.867540352160211,
      "p25": -1.0,
      "p75": 1.0
    },
    "robust_z_attendance_ratio": {
      "mean": 0.07000000000000109,
      "median": 0.0,
      "std": 0.8675403521602122,
      "p25": -1.0,
      "p75": 1.0000000000000027
    },
    "robust_z_overtime_pay": {
      "mean": -0.07555555555555558,
      "median": 0.0,
      "std": 1.3255365001927748,
      "p25": -1.0,
      "p75": 1.0
    },
    "robust_z_earned_base": {
      "mean": 0.15043290205950993,
      "median": 0.0,
      "std": 1.5096082053956321,
      "p25": -1.0505995248890498,
      "p75": 0.9424867340505921
    },
    "robust_z_expected_gross_salary": {
      "mean": 0.023762577194830038,
      "median": 3.369700352084948e-16,
      "std": 1.462205211771517,
      "p25": -1.1215615957860232,
      "p75": 0.9303791733533616
    },
    "robust_z_expected_net": {
      "mean": 0.023762577194830038,
      "median": 3.369700352084948e-16,
      "std": 1.462205211771517,
      "p25": -1.1215615957860232,
      "p75": 0.9303791733533616
    },
    "robust_z_salary_diff": {
      "mean": 0.05199999999210123,
      "median": 0.0,
      "std": 1.2314465502426706,
      "p25": -1.0000000000083673,
      "p75": 1.0
    },
    "robust_z_salary_dev_pct": {
      "mean": 0.01654404340150192,
      "median": 0.0,
      "std": 1.239317392119382,
      "p25": -1.0009589203936622,
      "p75": 0.9870953298658776
    },
    "final_anomaly_score": {
      "mean": 0.41177003143740315,
      "median": 0.42005887385715734,
      "std": 0.16695202005473495,
      "p25": 0.2557541231242359,
      "p75": 0.532143149746069
    }
  },
  "value_counts": {
    "department": {
      "HR": 27,
      "Finance": 22,
      "Operations": 21,
      "Sales": 18,
      "Engineering": 12
    },
    "designation": {
      "Manager": 29,
      "Analyst": 21,
      "Senior Engineer": 18,
      "Lead": 16,
      "Junior Engineer": 16
    }
  }
}