{
  "severity": "Significant",
  "max_psi": 8.28312949691444,
  "top_features": [
    {
      "feature": "robust_z_overtime_pay_per_hour",
      "psi": 8.28312949691444,
      "mean_change_pct": 100.0
    },
    {
      "feature": "salary_diff",
      "psi": 8.283089355027482,
      "mean_change_pct": 99.98853198877187
    },
    {
      "feature": "overtime_pay_per_hour",
      "psi": 6.787309214394494,
      "mean_change_pct": 53.88132126672638
    }
  ],
  "accuracy_decay_pct": 1.4522405003031632e-13
}