{
  "run_id": "run_20260723_141842_7ae22961",
  "timestamp": "2026-07-23T14:18:42.914304",
  "distributions": {
    "base_salary": {
      "mean": 80312.924,
      "median": 71953.0,
      "std": 39911.87872766447,
      "p25": 42279.5,
      "p75": 109549.75
    },
    "present_days": {
      "mean": 20.473,
      "median": 20.0,
      "std": 1.6703475868995235,
      "p25": 19.0,
      "p75": 22.0
    },
    "total_working_days": {
      "mean": 23.0,
      "median": 23.0,
      "std": 0.0,
      "p25": 23.0,
      "p75": 23.0
    },
    "overtime_hours": {
      "mean": 4.572,
      "median": 3.0,
      "std": 4.408202382859509,
      "p25": 1.0,
      "p75": 7.0
    },
    "overtime_pay_per_hour": {
      "mean": 748.07,
      "median": 664.5,
      "std": 374.0512015772726,
      "p25": 392.0,
      "p75": 1016.25
    },
    "net_salary": {
      "mean": 69765.402,
      "median": 63184.5,
      "std": 34738.284945998494,
      "p25": 39746.5,
      "p75": 95314.0
    },
    "lop_days": {
      "mean": 2.527,
      "median": 3.0,
      "std": 1.6703475868995235,
      "p25": 1.0,
      "p75": 4.0
    },
    "attendance_ratio": {
      "mean": 0.8901304347826088,
      "median": 0.8695652173913043,
      "std": 0.07262380812606622,
      "p25": 0.8260869565217391,
      "p75": 0.9565217391304348
    },
    "overtime_pay": {
      "mean": 2780.004,
      "median": 2124.0,
      "std": 2784.8473359716986,
      "p25": 976.0,
      "p75": 3710.5
    },
    "earned_base": {
      "mean": 71436.34221739131,
      "median": 64905.52173913043,
      "std": 36015.36601883084,
      "p25": 39249.27173913043,
      "p75": 98253.91304347827
    },
    "expected_gross_salary": {
      "mean": 74216.34621739131,
      "median": 67263.73913043478,
      "std": 36438.6928074623,
      "p25": 42453.75,
      "p75": 101457.83695652173
    },
    "expected_net": {
      "mean": 74216.34621739131,
      "median": 67263.73913043478,
      "std": 36438.6928074623,
      "p25": 42453.75,
      "p75": 101457.83695652173
    },
    "salary_diff": {
      "mean": -4450.944217391305,
      "median": -4021.3695652173883,
      "std": 5796.118945825331,
      "p25": -5842.8260869565165,
      "p75": -2512.9999999999964
    },
    "salary_dev_pct": {
      "mean": 5.684341886080802e-16,
      "median": -0.21792536328142142,
      "std": 11.305805971525123,
      "p25": -8.87945087924288,
      "p75": 8.89512071135675
    },
    "robust_z_base_salary": {
      "mean": 0.2522988984457522,
      "median": 0.0,
      "std": 1.2045232753180768,
      "p25": -0.8955334238720386,
      "p75": 1.1346536894522408
    },
    "robust_z_present_days": {
      "mean": 0.473,
      "median": 0.0,
      "std": 1.6703475868995235,
      "p25": -1.0,
      "p75": 2.0
    },
    "robust_z_total_working_days": {
      "mean": 0.0,
      "median": 0.0,
      "std": 0.0,
      "p25": 0.0,
      "p75": 0.0
    },
    "robust_z_overtime_hours": {
      "mean": 0.786,
      "median": 0.0,
      "std": 2.2041011914297544,
      "p25": -1.0,
      "p75": 2.0
    },
    "robust_z_overtime_pay_per_hour": {
      "mean": 0.27310457516339876,
      "median": 0.0,
      "std": 1.2223895476381457,
      "p25": -0.8905228758169934,
      "p75": 1.1495098039215685
    },
    "robust_z_net_salary": {
      "mean": 0.23242983029296976,
      "median": 0.0,
      "std": 1.226915956910961,
      "p25": -0.8278029915058187,
      "p75": 1.1347766966288166
    },
    "robust_z_lop_days": {
      "mean": -0.473,
      "median": 0.0,
      "std": 1.6703475868995235,
      "p25": -2.0,
      "p75": 1.0
    },
    "robust_z_attendance_ratio": {
      "mean": 0.4730000000000009,
      "median": 0.0,
      "std": 1.6703475868995243,
      "p25": -1.0,
      "p75": 2.0000000000000027
    },
    "robust_z_overtime_pay": {
      "mean": 0.4891901565995526,
      "median": 0.0,
      "std": 2.0766945085545854,
      "p25": -0.8560775540641312,
      "p75": 1.1830723340790454
    },
    "robust_z_earned_base": {
      "mean": 0.2203784813562307,
      "median": 0.0,
      "std": 1.215316160525106,
      "p25": -0.8657542235491751,
      "p75": 1.1253207549938016
    },
    "robust_z_expected_gross_salary": {
      "mean": 0.230227395497096,
      "median": 0.0,
      "std": 1.2066243979354725,
      "p25": -0.8215535709658006,
      "p75": 1.1322972786197005
    },
    "robust_z_expected_net": {
      "mean": 0.230227395497096,
      "median": 0.0,
      "std": 1.2066243979354725,
      "p25": -0.8215535709658006,
      "p75": 1.1322972786197005
    },
    "robust_z_salary_diff": {
      "mean": -0.2592246257985812,
      "median": 0.0,
      "std": 3.4976383201663928,
      "p25": -1.0991486179800274,
      "p75": 0.9102178960762926
    },
    "robust_z_salary_dev_pct": {
      "mean": 0.024453807487539187,
      "median": 1.5178830414797062e-18,
      "std": 1.2686453681030312,
      "p25": -0.9719257746158201,
      "p75": 1.0225917303921013
    },
    "final_anomaly_score": {
      "mean": 0.2820148926361638,
      "median": 0.2826748077404866,
      "std": 0.16814864853874448,
      "p25": 0.13295527869316257,
      "p75": 0.3928400166846571
    }
  },
  "value_counts": {
    "department": {
      "Legal": 165,
      "Sales": 163,
      "Engineering": 151,
      "Operations": 138,
      "Finance": 132,
      "Marketing": 131,
      "HR": 120
    },
    "designation": {
      "Sales Executive": 64,
      "Legal Manager": 61,
      "Legal Associate": 60,
      "Sales Lead": 58,
      "Ops Lead": 51,
      "Finance Manager": 51,
      "Marketing Executive": 48,
      "Operations Analyst": 46,
      "Engineering Manager": 45,
      "Tech Lead": 45,
      "Senior Analyst": 45,
      "Marketing Manager": 44,
      "Senior Counsel": 44,
      "HR Executive": 42,
      "Regional Manager": 41,
      "Operations Manager": 41,
      "HR Manager": 41,
      "Content Lead": 39,
      "Talent Lead": 37,
      "Finance Analyst": 36,
      "Junior Engineer": 32,
      "Senior Engineer": 29
    }
  }
}