{
  "run_id": "run_20260723_141849_7e754ac9",
  "timestamp": "2026-07-23T14:18:52.601486",
  "cold_start": false,
  "models": {
    "anomaly_detector": {
      "status": "RETAINED_CHAMPION",
      "metrics": {
        "f1": 0.7522816399286988,
        "precision": 0.8556593406593407,
        "recall": 0.6738562091503268,
        "accuracy": 0.61,
        "stability_score": 0.9470140211300556
      }
    },
    "absenteeism_classifier": {
      "status": "RETAINED_CHAMPION",
      "metrics": {
        "f1": 1.0,
        "precision": 1.0,
        "recall": 1.0,
        "accuracy": 1.0,
        "stability_score": 1.0
      }
    },
    "salary_manipulation_detector": {
      "status": "RETAINED_CHAMPION",
      "metrics": {
        "f1": 0.21405143293015144,
        "precision": 0.7666666666666666,
        "recall": 0.13594771241830067,
        "accuracy": 0.18,
        "stability_score": 0.8609065222335235
      }
    },
    "company_payroll_forecaster": {
      "status": "RETAINED_CHAMPION",
      "metrics": {
        "mape": 1.4522405003031632e-15,
        "rmse": 1.4901161193847656e-08,
        "stability_score": 1.0
      }
    },
    "company_overtime_forecaster": {
      "status": "PROMOTED",
      "metrics": {
        "mape": 7.746973609650155e-16,
        "rmse": 6.431098710768743e-13,
        "stability_score": 1.0
      }
    },
    "dept_payroll_forecaster": {
      "status": "PROMOTED",
      "metrics": {
        "num_dept_models_trained": 0
      }
    }
  }
}